{"_playerName":"Zliplier","_score":10,"_musicVolume":0.28493019938468935,"_SFXVolume":0.593539297580719}